"name","Unit_Price","discount","Sequence","Quantity","Title","itemName","item_code","Field","label","cif_value","fti_value","obj_value","obj_type","data_text_field"
CI30583,611.000000000,0.000000000,2,1.000000000,GI RF4A  Silencer 600 x 100 x 610,SKU36,SKU36,widthWi,Width (WI),"600",,,,
CI30583,611.000000000,0.000000000,2,1.000000000,GI RF4A  Silencer 600 x 100 x 610,SKU36,SKU36,heightHi,Height (HI),"100",,,,
CI30583,611.000000000,0.000000000,2,1.000000000,GI RF4A  Silencer 600 x 100 x 610,SKU36,SKU36,lengthLi,Length (LI),"610",,,,
CI30583,611.000000000,0.000000000,2,1.000000000,GI RF4A  Silencer 600 x 100 x 610,SKU36,SKU36,product,Product,FTP41,,SKU36,Item,item_name
CI30583,611.000000000,0.000000000,2,1.000000000,GI RF4A  Silencer 600 x 100 x 610,SKU36,SKU36,materialType,Material Type,FTV55,GI,,,
CI30583,611.000000000,0.000000000,2,1.000000000,GI RF4A  Silencer 600 x 100 x 610,SKU36,SKU36,productCategory,Product Category,FTV440,Normal,,,
CI30583,611.000000000,0.000000000,2,1.000000000,GI RF4A  Silencer 600 x 100 x 610,SKU36,SKU36,subcategory,Sub Category,Standard Rectangular Silencers,,,,
CI30583,611.000000000,0.000000000,2,1.000000000,GI RF4A  Silencer 600 x 100 x 610,SKU36,SKU36,maxSectionWidth,Max Section Width,"0",,,,
CI30583,611.000000000,0.000000000,2,1.000000000,GI RF4A  Silencer 600 x 100 x 610,SKU36,SKU36,maxSectionHeight,Max Section Height,"0",,,,
CI30583,611.000000000,0.000000000,2,1.000000000,GI RF4A  Silencer 600 x 100 x 610,SKU36,SKU36,productDescription,Product Description,GI RF4A  Silencer 600 x 100 x 610,,,,
CI30583,611.000000000,0.000000000,2,1.000000000,GI RF4A  Silencer 600 x 100 x 610,SKU36,SKU36,maxSectionLength,Max Section Length,"0",,,,
CI30583,611.000000000,0.000000000,2,1.000000000,GI RF4A  Silencer 600 x 100 x 610,SKU36,SKU36,orientation,Orientation,FTV49,V,,,
CI30583,611.000000000,0.000000000,2,1.000000000,GI RF4A  Silencer 600 x 100 x 610,SKU36,SKU36,removableBaffle,Removable Baffle,FTV246,No,,,
CI30583,611.000000000,0.000000000,2,1.000000000,GI RF4A  Silencer 600 x 100 x 610,SKU36,SKU36,accessPanel,Access Panel,FTV246,No,,,
CI30583,611.000000000,0.000000000,2,1.000000000,GI RF4A  Silencer 600 x 100 x 610,SKU36,SKU36,airTightness,Air Tightness,FTV447,Medium Pressure,,,
CI30583,611.000000000,0.000000000,2,1.000000000,GI RF4A  Silencer 600 x 100 x 610,SKU36,SKU36,constructionStandard,Construction Standard,FTV441,Standard,,,
CI30583,611.000000000,0.000000000,2,1.000000000,GI RF4A  Silencer 600 x 100 x 610,SKU36,SKU36,infillType,Infill Type,FTV757,Standard-Fibreglass,,,
CI30583,611.000000000,0.000000000,2,1.000000000,GI RF4A  Silencer 600 x 100 x 610,SKU36,SKU36,densityLookup,Density Lookup,"7.85",,,,
CI30583,611.000000000,0.000000000,2,1.000000000,GI RF4A  Silencer 600 x 100 x 610,SKU36,SKU36,infillProtection,Infill Protection,FTV753,Standard,,,
CI30583,611.000000000,0.000000000,2,1.000000000,GI RF4A  Silencer 600 x 100 x 610,SKU36,SKU36,materialCost,Material Cost,"3",,,,
CI30583,611.000000000,0.000000000,2,1.000000000,GI RF4A  Silencer 600 x 100 x 610,SKU36,SKU36,modelItem,Model Item,FTI33956,"",RF4A,Item,item_code
CI30583,611.000000000,0.000000000,2,1.000000000,GI RF4A  Silencer 600 x 100 x 610,SKU36,SKU36,casingCost,Casing Cost,"18.5832108",,,,
CI30583,611.000000000,0.000000000,2,1.000000000,GI RF4A  Silencer 600 x 100 x 610,SKU36,SKU36,baffleProcessingCost,Baffle Processing Cost,"101.22",,,,
CI30583,611.000000000,0.000000000,2,1.000000000,GI RF4A  Silencer 600 x 100 x 610,SKU36,SKU36,fullBaffleSlit,Full Baffle Slit,"137",,,,
CI30583,611.000000000,0.000000000,2,1.000000000,GI RF4A  Silencer 600 x 100 x 610,SKU36,SKU36,totalFlangeAngleCost,Total Flange/ Angle Cost,"6.336",,,,
CI30583,611.000000000,0.000000000,2,1.000000000,GI RF4A  Silencer 600 x 100 x 610,SKU36,SKU36,bafflecasingAssemblyCost,Baffle/Casing Assembly Cost,"62.2",,,,
CI30583,611.000000000,0.000000000,2,1.000000000,GI RF4A  Silencer 600 x 100 x 610,SKU36,SKU36,halfBaffleSlit,Half Baffle Slit,"0",,,,
CI30583,611.000000000,0.000000000,2,1.000000000,GI RF4A  Silencer 600 x 100 x 610,SKU36,SKU36,baffleFrameArea,Baffle Frame Area,"0.77816",,,,
CI30583,611.000000000,0.000000000,2,1.000000000,GI RF4A  Silencer 600 x 100 x 610,SKU36,SKU36,totalBaffleCost,Total Baffle Cost,"49.982901840000004",,,,
CI30583,611.000000000,0.000000000,2,1.000000000,GI RF4A  Silencer 600 x 100 x 610,SKU36,SKU36,removableBaffleTrayCost,Removable Baffle Tray Cost,"0",,,,
CI30583,611.000000000,0.000000000,2,1.000000000,GI RF4A  Silencer 600 x 100 x 610,SKU36,SKU36,perforatedSheetBaffle,Perforated Sheet - Baffle,FTO1175,,FTOCountryWiseCost352,FTOCountryWiseCost,product_name
CI30583,611.000000000,0.000000000,2,1.000000000,GI RF4A  Silencer 600 x 100 x 610,SKU36,SKU36,lengthLiSelect,Select Length (LI),FTV456,"610",,,
CI30583,611.000000000,0.000000000,2,1.000000000,GI RF4A  Silencer 600 x 100 x 610,SKU36,SKU36,totalConsumablesCost,Total Consumables Cost,"16.099",,,,
CI30583,611.000000000,0.000000000,2,1.000000000,GI RF4A  Silencer 600 x 100 x 610,SKU36,SKU36,casingFabricationCost,Casing Fabrication Cost,"8.54",,,,
CI30583,611.000000000,0.000000000,2,1.000000000,GI RF4A  Silencer 600 x 100 x 610,SKU36,SKU36,cornersUniq,Corners,FTO1181,,FTOCountryWiseCost362,FTOCountryWiseCost,product_name
CI30583,611.000000000,0.000000000,2,1.000000000,GI RF4A  Silencer 600 x 100 x 610,SKU36,SKU36,halfBaffleFrameArea,Half Baffle Frame Area,"0",,,,
CI30583,611.000000000,0.000000000,2,1.000000000,GI RF4A  Silencer 600 x 100 x 610,SKU36,SKU36,baffleFrameWeight,Baffle Frame Weight,"4.8868447999999995",,,,
CI30583,611.000000000,0.000000000,2,1.000000000,GI RF4A  Silencer 600 x 100 x 610,SKU36,SKU36,removableBaffleValue,Removable Baffle,"0",,,,
CI30583,611.000000000,0.000000000,2,1.000000000,GI RF4A  Silencer 600 x 100 x 610,SKU36,SKU36,flangeInstallationCost,Flange Installation Cost,"7",,,,
CI30583,611.000000000,0.000000000,2,1.000000000,GI RF4A  Silencer 600 x 100 x 610,SKU36,SKU36,model,Model,FTO1113,,FTOSilencerModel1,FTOSilencerModel,model
CI30583,611.000000000,0.000000000,2,1.000000000,GI RF4A  Silencer 600 x 100 x 610,SKU36,SKU36,totalMaterialCost,Total Material Cost,"91.00111264000002",,,,
CI30583,611.000000000,0.000000000,2,1.000000000,GI RF4A  Silencer 600 x 100 x 610,SKU36,SKU36,angleInstallationCost,Angle Installation Cost,"0",,,,
CI30583,611.000000000,0.000000000,2,1.000000000,GI RF4A  Silencer 600 x 100 x 610,SKU36,SKU36,halfBaffleFrameWeight,Half Baffle Frame Weight,"0",,,,
CI30583,611.000000000,0.000000000,2,1.000000000,GI RF4A  Silencer 600 x 100 x 610,SKU36,SKU36,baffleFrameCost,Baffle Frame Cost,"17.95915464",,,,
CI30583,611.000000000,0.000000000,2,1.000000000,GI RF4A  Silencer 600 x 100 x 610,SKU36,SKU36,weldedCasingCost,Welded Casing Cost,"0",,,,
CI30583,611.000000000,0.000000000,2,1.000000000,GI RF4A  Silencer 600 x 100 x 610,SKU36,SKU36,totalAssemblyCost,Total Assembly Cost,"178.96",,,,
CI30583,611.000000000,0.000000000,2,1.000000000,GI RF4A  Silencer 600 x 100 x 610,SKU36,SKU36,widthSelection,Width Selection,FTV484,"600",,,
CI30583,611.000000000,0.000000000,2,1.000000000,GI RF4A  Silencer 600 x 100 x 610,SKU36,SKU36,baffleBullnoseArea,Baffle Bullnose Area,"0.232",,,,
CI30583,611.000000000,0.000000000,2,1.000000000,GI RF4A  Silencer 600 x 100 x 610,SKU36,SKU36,manufacturingOh,Manufacturing OH,"100",,,,
CI30583,611.000000000,0.000000000,2,1.000000000,GI RF4A  Silencer 600 x 100 x 610,SKU36,SKU36,infillProtectionProcessingCost,Infill Protection Processing Cost,"0",,,,
CI30583,611.000000000,0.000000000,2,1.000000000,GI RF4A  Silencer 600 x 100 x 610,SKU36,SKU36,modelDescription,Model Description,RF4A,,,,
CI30583,611.000000000,0.000000000,2,1.000000000,GI RF4A  Silencer 600 x 100 x 610,SKU36,SKU36,baffleBullnoseWeight,Baffle  Bullnose  Weight,"1.45696",,,,
CI30583,611.000000000,0.000000000,2,1.000000000,GI RF4A  Silencer 600 x 100 x 610,SKU36,SKU36,accessPanelValue,Access Panel,"0",,,,
CI30583,611.000000000,0.000000000,2,1.000000000,GI RF4A  Silencer 600 x 100 x 610,SKU36,SKU36,totalCost,Total Cost,"369.96111264",,,,
CI30583,611.000000000,0.000000000,2,1.000000000,GI RF4A  Silencer 600 x 100 x 610,SKU36,SKU36,baffleBullnoseCost,Baffle Bullnose Cost,"5.2013472",,,,
CI30583,611.000000000,0.000000000,2,1.000000000,GI RF4A  Silencer 600 x 100 x 610,SKU36,SKU36,totalWithProfit,Total with Profit,"610.435835856",,,,
CI30583,611.000000000,0.000000000,2,1.000000000,GI RF4A  Silencer 600 x 100 x 610,SKU36,SKU36,bafflePerforatedSheetArea,Baffle Perforated Sheet Area,"0.488",,,,
CI30583,611.000000000,0.000000000,2,1.000000000,GI RF4A  Silencer 600 x 100 x 610,SKU36,SKU36,bafflePerforatedSheetCost,Baffle Perforated Sheet Cost,"14.8596",,,,
CI30583,611.000000000,0.000000000,2,1.000000000,GI RF4A  Silencer 600 x 100 x 610,SKU36,SKU36,baffleRiveting,Baffle Riveting,"114",,,,
CI30583,611.000000000,0.000000000,2,1.000000000,GI RF4A  Silencer 600 x 100 x 610,SKU36,SKU36,baffleRivetingCost,Baffle Riveting Cost,"5.814",,,,
CI30583,611.000000000,0.000000000,2,1.000000000,GI RF4A  Silencer 600 x 100 x 610,SKU36,SKU36,a100mmTotalLayers,"100mm Total Layers","4",,,,
CI30583,611.000000000,0.000000000,2,1.000000000,GI RF4A  Silencer 600 x 100 x 610,SKU36,SKU36,a100mmInfillArea,"100mm Infill Area","0.244",,,,
CI30583,611.000000000,0.000000000,2,1.000000000,GI RF4A  Silencer 600 x 100 x 610,SKU36,SKU36,optionFlangeangle,Option (Flange/Angle),FTV450,Flange,,,
CI30583,611.000000000,0.000000000,2,1.000000000,GI RF4A  Silencer 600 x 100 x 610,SKU36,SKU36,a100mmInfillCost,"100mm Infill Cost","6.1488000000000005",,,,
CI30583,611.000000000,0.000000000,2,1.000000000,GI RF4A  Silencer 600 x 100 x 610,SKU36,SKU36,casingOptions,Casing Options,FTV759,Assembly,,,
CI30583,611.000000000,0.000000000,2,1.000000000,GI RF4A  Silencer 600 x 100 x 610,SKU36,SKU36,a50mmTotalLayers,"50mm Total Layers","0",,,,
CI30583,611.000000000,0.000000000,2,1.000000000,GI RF4A  Silencer 600 x 100 x 610,SKU36,SKU36,a50mmInfillArea,"50mm Infill Area","0",,,,
CI30583,611.000000000,0.000000000,2,1.000000000,GI RF4A  Silencer 600 x 100 x 610,SKU36,SKU36,a50mmInfillCost,"50mm Infill Cost","0",,,,
CI30583,611.000000000,0.000000000,2,1.000000000,GI RF4A  Silencer 600 x 100 x 610,SKU36,SKU36,a25mmTotalLayers,"25mm Total Layers","0",,,,
CI30583,611.000000000,0.000000000,2,1.000000000,GI RF4A  Silencer 600 x 100 x 610,SKU36,SKU36,assemblyType,Assembly Type,Single,,,,
CI30583,611.000000000,0.000000000,2,1.000000000,GI RF4A  Silencer 600 x 100 x 610,SKU36,SKU36,a25mmInfillArea,"25mm Infill Area","0",,,,
CI30583,611.000000000,0.000000000,2,1.000000000,GI RF4A  Silencer 600 x 100 x 610,SKU36,SKU36,baseModuleWidth,Base Module Width,"150",,,,
CI30583,611.000000000,0.000000000,2,1.000000000,GI RF4A  Silencer 600 x 100 x 610,SKU36,SKU36,a25mmInfillCost,"25mm Infill Cost","0",,,,
CI30583,611.000000000,0.000000000,2,1.000000000,GI RF4A  Silencer 600 x 100 x 610,SKU36,SKU36,baffleWidth,Baffle Width,"100",,,,
CI30583,611.000000000,0.000000000,2,1.000000000,GI RF4A  Silencer 600 x 100 x 610,SKU36,SKU36,infillProtectionArea,Infill Protection Area,"0",,,,
CI30583,611.000000000,0.000000000,2,1.000000000,GI RF4A  Silencer 600 x 100 x 610,SKU36,SKU36,airwayWidth,Airway Width,"50",,,,
CI30583,611.000000000,0.000000000,2,1.000000000,GI RF4A  Silencer 600 x 100 x 610,SKU36,SKU36,infillProtectionCost,Infill Protection Cost,"0",,,,
CI30583,611.000000000,0.000000000,2,1.000000000,GI RF4A  Silencer 600 x 100 x 610,SKU36,SKU36,modulesWoRounding,Modules w/o Rounding,"4",,,,
CI30583,611.000000000,0.000000000,2,1.000000000,GI RF4A  Silencer 600 x 100 x 610,SKU36,SKU36,noOfFullModules,# of Full Modules,"4",,,,
CI30583,611.000000000,0.000000000,2,1.000000000,GI RF4A  Silencer 600 x 100 x 610,SKU36,SKU36,noOfHalfModules,# of Half Modules,"0",,,,
CI30583,611.000000000,0.000000000,2,1.000000000,GI RF4A  Silencer 600 x 100 x 610,SKU36,SKU36,noOfModules,# of Modules,"4",,,,
CI30583,611.000000000,0.000000000,2,1.000000000,GI RF4A  Silencer 600 x 100 x 610,SKU36,SKU36,offsetWidth,Offset Width,"0",,,,
CI30583,611.000000000,0.000000000,2,1.000000000,GI RF4A  Silencer 600 x 100 x 610,SKU36,SKU36,halfBaffleWidth,Half Baffle Width,"0",,,,
CI30583,611.000000000,0.000000000,2,1.000000000,GI RF4A  Silencer 600 x 100 x 610,SKU36,SKU36,totalWidthSections,Total Width Sections,"1",,,,
CI30583,611.000000000,0.000000000,2,1.000000000,GI RF4A  Silencer 600 x 100 x 610,SKU36,SKU36,widthw1,Width (W1),"600",,,,
CI30583,611.000000000,0.000000000,2,1.000000000,GI RF4A  Silencer 600 x 100 x 610,SKU36,SKU36,heighth1,Height (H1),"100",,,,
CI30583,611.000000000,0.000000000,2,1.000000000,GI RF4A  Silencer 600 x 100 x 610,SKU36,SKU36,lengthl1,Length (L1),"610",,,,
CI30583,611.000000000,0.000000000,2,1.000000000,GI RF4A  Silencer 600 x 100 x 610,SKU36,SKU36,widthSection1,Width Section (1),"1",,,,
CI30583,611.000000000,0.000000000,2,1.000000000,GI RF4A  Silencer 600 x 100 x 610,SKU36,SKU36,heightSection1,Height Section (1),"1",,,,
CI30583,611.000000000,0.000000000,2,1.000000000,GI RF4A  Silencer 600 x 100 x 610,SKU36,SKU36,lengthSection1,Length Section (1),"1",,,,
CI30583,611.000000000,0.000000000,2,1.000000000,GI RF4A  Silencer 600 x 100 x 610,SKU36,SKU36,noOfSections1,No of Sections (1),"1",,,,
CI30583,611.000000000,0.000000000,2,1.000000000,GI RF4A  Silencer 600 x 100 x 610,SKU36,SKU36,modules1,Modules 1,"4",,,,
CI30583,611.000000000,0.000000000,2,1.000000000,GI RF4A  Silencer 600 x 100 x 610,SKU36,SKU36,noOfFullBaffles1,# of Full Baffles (1),"4",,,,
CI30583,611.000000000,0.000000000,2,1.000000000,GI RF4A  Silencer 600 x 100 x 610,SKU36,SKU36,noOfHalfBaffles1,# of Half Baffles (1),"0",,,,
CI30583,611.000000000,0.000000000,2,1.000000000,GI RF4A  Silencer 600 x 100 x 610,SKU36,SKU36,noOfTotalBaffles1,# of Total Baffles (1),"4",,,,
CI30583,611.000000000,0.000000000,2,1.000000000,GI RF4A  Silencer 600 x 100 x 610,SKU36,SKU36,airwayFull1,Airway Full (1),"3",,,,
CI30583,611.000000000,0.000000000,2,1.000000000,GI RF4A  Silencer 600 x 100 x 610,SKU36,SKU36,endAirwayWidth1,End Airway Width (1),"25",,,,
CI30583,611.000000000,0.000000000,2,1.000000000,GI RF4A  Silencer 600 x 100 x 610,SKU36,SKU36,totalEndAirways1,Total End Airways (1),"2",,,,
CI30583,611.000000000,0.000000000,2,1.000000000,GI RF4A  Silencer 600 x 100 x 610,SKU36,SKU36,widthw2,Width (W2),"0",,,,
CI30583,611.000000000,0.000000000,2,1.000000000,GI RF4A  Silencer 600 x 100 x 610,SKU36,SKU36,heighth2,Height (H2),"0",,,,
CI30583,611.000000000,0.000000000,2,1.000000000,GI RF4A  Silencer 600 x 100 x 610,SKU36,SKU36,lengthl2,Length (L2),"0",,,,
CI30583,611.000000000,0.000000000,2,1.000000000,GI RF4A  Silencer 600 x 100 x 610,SKU36,SKU36,widthSection2,Width Section (2),"0",,,,
CI30583,611.000000000,0.000000000,2,1.000000000,GI RF4A  Silencer 600 x 100 x 610,SKU36,SKU36,heightSection2,Height Section (2),"0",,,,
CI30583,611.000000000,0.000000000,2,1.000000000,GI RF4A  Silencer 600 x 100 x 610,SKU36,SKU36,lengthSection2,Length Section (2),"0",,,,
CI30583,611.000000000,0.000000000,2,1.000000000,GI RF4A  Silencer 600 x 100 x 610,SKU36,SKU36,noOfSections2,No of Sections (2),"0",,,,
CI30583,611.000000000,0.000000000,2,1.000000000,GI RF4A  Silencer 600 x 100 x 610,SKU36,SKU36,modules2,Modules 2,"0",,,,
CI30583,611.000000000,0.000000000,2,1.000000000,GI RF4A  Silencer 600 x 100 x 610,SKU36,SKU36,noOfFullBaffles2,# of Full Baffles (2),"0",,,,
CI30583,611.000000000,0.000000000,2,1.000000000,GI RF4A  Silencer 600 x 100 x 610,SKU36,SKU36,noOfHalfBaffles2,# of Half Baffles (2),"0",,,,
CI30583,611.000000000,0.000000000,2,1.000000000,GI RF4A  Silencer 600 x 100 x 610,SKU36,SKU36,noOfTotalBaffles2,# of Total Baffles (2),"0",,,,
CI30583,611.000000000,0.000000000,2,1.000000000,GI RF4A  Silencer 600 x 100 x 610,SKU36,SKU36,airwayFull2,Airway Full (2),"0",,,,
CI30583,611.000000000,0.000000000,2,1.000000000,GI RF4A  Silencer 600 x 100 x 610,SKU36,SKU36,endAirwayWidth2,End Airway Width (2),"0",,,,
CI30583,611.000000000,0.000000000,2,1.000000000,GI RF4A  Silencer 600 x 100 x 610,SKU36,SKU36,totalEndAirways2,Total End Airways (2),"0",,,,
CI30583,611.000000000,0.000000000,2,1.000000000,GI RF4A  Silencer 600 x 100 x 610,SKU36,SKU36,noOfSections,No. of Sections,"1",,,,
CI30583,611.000000000,0.000000000,2,1.000000000,GI RF4A  Silencer 600 x 100 x 610,SKU36,SKU36,maxWH,Max W & H,"600",,,,
CI30583,611.000000000,0.000000000,2,1.000000000,GI RF4A  Silencer 600 x 100 x 610,SKU36,SKU36,casingUnique,Casing Unique,FTO1123,,FTOCasingRange1,FTOCasingRange,range
CI30583,611.000000000,0.000000000,2,1.000000000,GI RF4A  Silencer 600 x 100 x 610,SKU36,SKU36,flangeangleUnique,Flange/Angle Unique,FTO1132,,FTOFlangeAngleRange1,FTOFlangeAngleRange,range
CI30583,611.000000000,0.000000000,2,1.000000000,GI RF4A  Silencer 600 x 100 x 610,SKU36,SKU36,perfThickness,Perf Thickness Lookup,"0.6",,,,
CI30583,611.000000000,0.000000000,2,1.000000000,GI RF4A  Silencer 600 x 100 x 610,SKU36,SKU36,casingThickness,Casing Thickness F,"0.8",,,,
CI30583,611.000000000,0.000000000,2,1.000000000,GI RF4A  Silencer 600 x 100 x 610,SKU36,SKU36,casingArea1,Casing Area 1,"0.9394",,,,
CI30583,611.000000000,0.000000000,2,1.000000000,GI RF4A  Silencer 600 x 100 x 610,SKU36,SKU36,casingArea2,Casing Area 2,"0",,,,
CI30583,611.000000000,0.000000000,2,1.000000000,GI RF4A  Silencer 600 x 100 x 610,SKU36,SKU36,casingWeight,Casing Weight,"5.899432",,,,
CI30583,611.000000000,0.000000000,2,1.000000000,GI RF4A  Silencer 600 x 100 x 610,SKU36,SKU36,flangeSize,Flange Size,"20",,,,
CI30583,611.000000000,0.000000000,2,1.000000000,GI RF4A  Silencer 600 x 100 x 610,SKU36,SKU36,flangeSizeLookup,Flange Size Lookup,FTO1144,,FTOCountryWiseCost321,FTOCountryWiseCost,product_name
CI30583,611.000000000,0.000000000,2,1.000000000,GI RF4A  Silencer 600 x 100 x 610,SKU36,SKU36,angleSize,Angle Size,"0",,,,
CI30583,611.000000000,0.000000000,2,1.000000000,GI RF4A  Silencer 600 x 100 x 610,SKU36,SKU36,flangeQuantity,Flange Quantity,"2.8",,,,
CI30583,611.000000000,0.000000000,2,1.000000000,GI RF4A  Silencer 600 x 100 x 610,SKU36,SKU36,flangeCost,Flange Cost,"4.704",,,,
CI30583,611.000000000,0.000000000,2,1.000000000,GI RF4A  Silencer 600 x 100 x 610,SKU36,SKU36,angleQty,Angle Qty,"0",,,,
CI30583,611.000000000,0.000000000,2,1.000000000,GI RF4A  Silencer 600 x 100 x 610,SKU36,SKU36,angleCost,Angle Cost,"0",,,,
CI30583,611.000000000,0.000000000,2,1.000000000,GI RF4A  Silencer 600 x 100 x 610,SKU36,SKU36,flangeAngleRiveting,Flange/ Angle Riveting,"32",,,,
CI30583,611.000000000,0.000000000,2,1.000000000,GI RF4A  Silencer 600 x 100 x 610,SKU36,SKU36,flangeAngleRivetingCost,Flange/ Angle Riveting Cost,"1.6320000000000001",,,,
CI30583,611.000000000,0.000000000,2,1.000000000,GI RF4A  Silencer 600 x 100 x 610,SKU36,SKU36,corners,Corners,"8",,,,
CI30583,611.000000000,0.000000000,2,1.000000000,GI RF4A  Silencer 600 x 100 x 610,SKU36,SKU36,cornersCost,Corners Cost,"1.6",,,,
CI30583,611.000000000,0.000000000,2,1.000000000,GI RF4A  Silencer 600 x 100 x 610,SKU36,SKU36,rivets,Rivets,"49",,,,
CI30583,611.000000000,0.000000000,2,1.000000000,GI RF4A  Silencer 600 x 100 x 610,SKU36,SKU36,rivetsCost,Rivets Cost,"2.499",,,,
CI30583,611.000000000,0.000000000,2,1.000000000,GI RF4A  Silencer 600 x 100 x 610,SKU36,SKU36,sealant,Sealant,"1",,,,
CI30583,611.000000000,0.000000000,2,1.000000000,GI RF4A  Silencer 600 x 100 x 610,SKU36,SKU36,sealantCost,Sealant Cost,"12",,,,
CI30583,611.000000000,0.000000000,2,1.000000000,GI RF4A  Silencer 600 x 100 x 610,SKU36,SKU36,removableBaffleTrayArea,Removable Baffle Tray Area,"0",,,,
CI30583,611.000000000,0.000000000,2,1.000000000,GI RF4A  Silencer 600 x 100 x 610,SKU36,SKU36,removableBafleTrayWeight,Removable Bafle Tray Weight,"0",,,,
